ID;loja;date;GMV;TR;onus;Comissao;Dolar_Ultimo;Dolar_Aertura;Dolar_Maxima;Dolar_Minima;Dolar_Var;Bov_Abertura;Bov_Fechamento;Bov_Variacao;Bov_Minimo;Bov_Maximo;Bov_Volume;;;;;;;;
2773;Loja 8;01/01/2019;2573;17;7719;192;3,8813;3,8813;3,8813;3,8813;3,8813;87887;91012;3,56;87536;91479;17400000;;;;;;;;
2774;Loja 8;02/01/2019;7107;42;21325;533;3,79;3,8786;3,8786;3,8971;3,7828;87887;91012;3,56;87536;91479;17400000;;;;;;;;
2775;Loja 8;03/01/2019;13121;63;39362;983;3,7565;3,796;3,796;3,8074;3,7376;91011;91546;0,59;89922;91596;18220000;;;;;;;;
2776;Loja 8;04/01/2019;12376;63;37130;926;3,7155;3,7593;3,7593;3,785;3,7088;91577;91841;0,32;90824;92701;16760000;;;;;;;;
2777;Loja 8;05/01/2019;10719;58;35245;880;3,7155;3,7593;3,7593;3,785;3,7088;91577;91841;0,32;90824;92701;16760000;;;;;;;;
2778;Loja 8;06/01/2019;6642;34;19925;497;3,7155;3,7593;3,7593;3,785;3,7088;91577;91841;0,32;90824;92701;16760000;;;;;;;;
2779;Loja 8;07/01/2019;14280;70;42843;1070;3,7356;3,7139;3,7139;3,7384;3,6898;91845;91699;-0,15;91288;92552;14910000;;;;;;;;
2780;Loja 8;08/01/2019;13704;60;39038;975;3,7133;3,7373;3,7373;3,7412;3,7034;91699;92032;0,36;91064;92231;14170000;;;;;;;;
2781;Loja 8;09/01/2019;16914;78;50730;1258;3,6807;3,7138;3,7138;3,7155;3,6743;92033;93613;1,72;92028;93626;16510000;;;;;;;;
2782;Loja 8;10/01/2019;13961;71;41366;1032;3,7105;3,6807;3,6807;3,7249;3,6746;93599;93802;0,2;93050;93987;14250000;;;;;;;;
2783;Loja 8;11/01/2019;18977;73;56916;1420;3,7113;3,6943;3,6943;3,73;3,6913;93806;93658;-0,15;93359;93961;15000000;;;;;;;;
2784;Loja 8;12/01/2019;12303;57;36898;921;3,7113;3,6943;3,6943;3,73;3,6913;93806;93658;-0,15;93359;93961;15000000;;;;;;;;
2785;Loja 8;13/01/2019;15373;69;45132;1126;3,7113;3,6943;3,6943;3,73;3,6913;93806;93658;-0,15;93359;93961;15000000;;;;;;;;
2786;Loja 8;14/01/2019;24172;107;156619;3127;3,6991;3,7121;3,7121;3,7357;3,6846;93645;94474;0,87;93335;94474;13730000;;;;;;;;
2787;Loja 8;15/01/2019;42790;151;232563;4650;3,7172;3,7024;3,7024;3,7325;3,6947;94474;94056;-0,44;93402;94695;14940000;;;;;;;;
2788;Loja 8;16/01/2019;36908;161;197387;3942;3,7366;3,7151;3,7151;3,7381;3,7084;94057;94393;0,36;93687;94393;20150000;;;;;;;;
2789;Loja 8;17/01/2019;17677;76;62467;1480;3,7504;3,7329;3,7329;3,7744;3,7262;94393;95351;1,01;93950;95682;15870000;;;;;;;;
2790;Loja 8;18/01/2019;7919;48;22276;555;3,7517;3,748;3,748;3,7743;3,7285;95386;96097;0,78;95386;96396;16750000;;;;;;;;
2791;Loja 8;19/01/2019;6848;35;20540;512;3,7517;3,748;3,748;3,7743;3,7285;95386;96097;0,78;95386;96396;16750000;;;;;;;;
2792;Loja 8;20/01/2019;9977;42;29939;748;3,7517;3,748;3,748;3,7743;3,7285;95386;96097;0,78;95386;96396;16750000;;;;;;;;
2793;Loja 8;21/01/2019;15027;62;45086;1127;3,755;3,7609;3,7609;3,7811;3,7541;96093;96010;-0,09;94863;96093;19450000;;;;;;;;
2794;Loja 8;22/01/2019;13469;70;40412;1009;3,8152;3,7545;3,7545;3,8173;3,7457;96008;95103;-0,94;94662;96070;13840000;;;;;;;;
2795;Loja 8;23/01/2019;18338;81;55014;1375;3,7663;3,7943;3,7943;3,8134;3,7561;95116;96558;1,53;95116;96576;14480000;;;;;;;;
2796;Loja 8;24/01/2019;15092;72;45277;1131;3,7733;3,7746;3,7746;3,7955;3,7381;96558;97677;1,16;96558;97677;15120000;;;;;;;;
2797;Loja 8;25/01/2019;13867;63;41612;1040;3,7708;3,7713;3,7713;3,7713;3,7708;96558;97677;1,16;96558;97677;15120000;;;;;;;;
2798;Loja 8;26/01/2019;15157;50;45473;1136;3,7708;3,7713;3,7713;3,7713;3,7708;96558;97677;1,16;96558;97677;15120000;;;;;;;;
2799;Loja 8;27/01/2019;14469;60;43409;1085;3,7708;3,7713;3,7713;3,7713;3,7708;96558;97677;1,16;96558;97677;15120000;;;;;;;;
2800;Loja 8;28/01/2019;16137;84;48412;1210;3,7619;3,778;3,778;3,7878;3,75;97674;95444;-2,29;94783;97937;24630000;;;;;;;;
2801;Loja 8;29/01/2019;15718;83;47160;1179;3,7202;3,7617;3,7617;3,7648;3,715;95508;95639;0,2;95508;96751;17040000;;;;;;;;
2802;Loja 8;30/01/2019;17949;91;53849;1346;3,685;3,7205;3,7205;3,7321;3,6741;95643;96996;1,42;95643;97107;18630000;;;;;;;;
2803;Loja 8;31/01/2019;17867;82;53593;1339;3,644;3,6865;3,6865;3,6865;3,6358;96996;97394;0,41;96996;98405;19650000;;;;;;;;
2804;Loja 8;01/02/2019;12794;57;38384;959;3,6597;3,6455;3,6455;3,6822;3,6376;97395;97861;0,48;96990;98044;14080000;;;;;;;;
2805;Loja 8;02/02/2019;11693;53;35080;875;3,6597;3,6455;3,6455;3,6822;3,6376;97395;97861;0,48;96990;98044;14080000;;;;;;;;
2806;Loja 8;03/02/2019;9686;47;29059;726;3,6597;3,6455;3,6455;3,6822;3,6376;97395;97861;0,48;96990;98044;14080000;;;;;;;;
2807;Loja 8;04/02/2019;28865;135;276735;5288;3,6687;3,6597;3,6597;3,6877;3,6592;97861;98589;0,74;96901;98589;14050000;;;;;;;;
2808;Loja 8;05/02/2019;14874;85;44629;1115;3,6698;3,6637;3,6637;3,6846;3,661;98587;98311;-0,28;97596;98587;16300000;;;;;;;;
2809;Loja 8;06/02/2019;30206;117;90617;2265;3,6983;3,6696;3,6696;3,7161;3,6672;98308;94636;-3,74;94636;98308;17230000;;;;;;;;
2810;Loja 8;07/02/2019;16244;78;52150;1303;3,7167;3,6996;3,6996;3,7375;3,699;94654;94114;-0,55;93507;95642;11630000;;;;;;;;
2811;Loja 8;08/02/2019;14709;67;44129;1103;3,7292;3,7195;3,7195;3,7477;3,7027;94401;95343;1,31;93424;95486;16160000;;;;;;;;
2812;Loja 8;09/02/2019;10042;63;30126;753;3,7292;3,7195;3,7195;3,7477;3,7027;94401;95343;1,31;93424;95486;16160000;;;;;;;;
2813;Loja 8;10/02/2019;11318;55;33954;848;3,7292;3,7195;3,7195;3,7477;3,7027;94401;95343;1,31;93424;95486;16160000;;;;;;;;
2814;Loja 8;11/02/2019;16829;87;88619;1891;3,7577;3,7312;3,7312;3,7747;3,7274;95351;94413;-0,98;93737;95499;12500000;;;;;;;;
2815;Loja 8;12/02/2019;19515;94;58550;1463;3,7098;3,7437;3,7437;3,747;3,7021;94420;96168;1,86;94420;96571;16640000;;;;;;;;
2816;Loja 8;13/02/2019;21326;95;63974;1597;3,7544;3,7104;3,7104;3,7619;3,7104;96169;96122;-0,05;95389;96804;12080000;;;;;;;;
2817;Loja 8;14/02/2019;13678;73;41036;1025;3,7233;3,7514;3,7514;3,7952;3,7137;95843;98015;1,97;94915;98019;18090000;;;;;;;;
2818;Loja 8;15/02/2019;16335;93;49008;1224;3,7008;3,7203;3,7203;3,7264;3,6983;98015;97526;-0,5;97083;98238;14810000;;;;;;;;
2819;Loja 8;16/02/2019;9372;50;28119;702;3,7008;3,7203;3,7203;3,7264;3,6983;98015;97526;-0,5;97083;98238;14810000;;;;;;;;
2820;Loja 8;17/02/2019;14937;65;44807;1120;3,7008;3,7203;3,7203;3,7264;3,6983;98015;97526;-0,5;97083;98238;14810000;;;;;;;;
2821;Loja 8;18/02/2019;37049;149;418648;7666;3,7353;3,7012;3,7012;3,7422;3,7012;97527;96510;-1,04;96239;97527;18080000;;;;;;;;
2822;Loja 8;19/02/2019;11250;65;33746;843;3,7231;3,7334;3,7334;3,7449;3,7029;96513;97659;1,19;96513;98185;15270000;;;;;;;;
2823;Loja 8;20/02/2019;19863;84;59591;1489;3,7277;3,7243;3,7243;3,7372;3,69;97661;96545;-1,14;96545;98544;17530000;;;;;;;;
2824;Loja 8;21/02/2019;18639;70;55919;1397;3,7696;3,7256;3,7256;3,7721;3,7149;96546;96932;0,4;95793;97231;16240000;;;;;;;;
2825;Loja 8;22/02/2019;18946;68;56847;1420;3,7485;3,7683;3,7683;3,7683;3,7262;96929;97886;0,98;96929;97887;13990000;;;;;;;;
2826;Loja 8;23/02/2019;17253;64;51759;1293;3,7485;3,7683;3,7683;3,7683;3,7262;96929;97886;0,98;96929;97887;13990000;;;;;;;;
2827;Loja 8;24/02/2019;12488;59;37464;936;3,7485;3,7683;3,7683;3,7683;3,7262;96929;97886;0,98;96929;97887;13990000;;;;;;;;
2828;Loja 8;25/02/2019;13155;59;39468;985;3,7521;3,7468;3,7468;3,7523;3,7193;97881;97240;-0,66;97087;98190;12570000;;;;;;;;
2829;Loja 8;26/02/2019;17185;73;51564;1287;3,7489;3,7519;3,7519;3,7666;3,7378;97242;97603;0,37;97235;97904;11370000;;;;;;;;
2830;Loja 8;27/02/2019;11126;64;33372;833;3,7287;3,7444;3,7444;3,7478;3,7217;97603;97307;-0,3;96886;97782;12710000;;;;;;;;
2831;Loja 8;28/02/2019;15253;81;45759;1143;3,7514;3,7258;3,7258;3,7592;3,7171;97307;95584;-1,77;95364;97528;17050000;;;;;;;;
2832;Loja 8;01/03/2019;9671;48;29014;725;3,7752;3,7511;3,7511;3,7957;3,7456;95584;94604;-1,03;94394;96113;13560000;;;;;;;;
2833;Loja 8;02/03/2019;12043;45;36137;902;3,7752;3,7511;3,7511;3,7957;3,7456;95584;94604;-1,03;94394;96113;13560000;;;;;;;;
2834;Loja 8;03/03/2019;6639;38;19919;497;3,7752;3,7511;3,7511;3,7957;3,7456;95584;94604;-1,03;94394;96113;13560000;;;;;;;;
2835;Loja 8;04/03/2019;10475;52;31423;785;3,7755;3,7742;3,7742;3,7755;3,7742;95584;94604;-1,03;94394;96113;13560000;;;;;;;;
2836;Loja 8;05/03/2019;7304;37;21916;547;3,7755;3,7755;3,7755;3,7755;3,7755;95584;94604;-1,03;94394;96113;13560000;;;;;;;;
2837;Loja 8;06/03/2019;16883;85;50648;1266;3,8401;3,7763;3,7763;3,8451;3,7746;94604;94217;-0,41;93945;94889;8670000;;;;;;;;
2838;Loja 8;07/03/2019;19197;84;57593;1439;3,8704;3,8405;3,8405;3,9028;3,8159;94216;94340;0,13;93729;94532;13160000;;;;;;;;
2839;Loja 8;08/03/2019;14662;81;43990;1099;3,8668;3,8708;3,8708;3,9032;3,8493;94340;95365;1,09;93305;95476;16240000;;;;;;;;
2840;Loja 8;09/03/2019;8920;54;34847;870;3,8668;3,8708;3,8708;3,9032;3,8493;94340;95365;1,09;93305;95476;16240000;;;;;;;;
2841;Loja 8;10/03/2019;11906;59;39168;979;3,8668;3,8708;3,8708;3,9032;3,8493;94340;95365;1,09;93305;95476;16240000;;;;;;;;
2842;Loja 8;11/03/2019;19978;91;109853;2246;3,8403;3,8678;3,8678;3,8685;3,8342;95384;98027;2,79;95384;98027;14630000;;;;;;;;
2843;Loja 8;12/03/2019;17369;89;97848;1988;3,8114;3,8399;3,8399;3,8445;3,8009;98038;97828;-0,2;97267;98150;12860000;;;;;;;;
2844;Loja 8;13/03/2019;13997;78;58246;1326;3,8147;3,8113;3,8113;3,8352;3,7995;97831;98904;1,1;97464;99267;17540000;;;;;;;;
2845;Loja 8;14/03/2019;13170;74;54172;1207;3,8443;3,8157;3,8157;3,8556;3,8142;98905;98605;-0,3;97776;99036;12470000;;;;;;;;
2846;Loja 8;15/03/2019;15076;86;45231;1130;3,8144;3,8453;3,8453;3,8725;3,8081;98605;99137;0,54;98597;99393;18090000;;;;;;;;
2847;Loja 8;16/03/2019;11142;56;33433;835;3,8144;3,8453;3,8453;3,8725;3,8081;98605;99137;0,54;98597;99393;18090000;;;;;;;;
2848;Loja 8;17/03/2019;11467;53;34398;859;3,8144;3,8453;3,8453;3,8725;3,8081;98605;99137;0,54;98597;99393;18090000;;;;;;;;
2849;Loja 8;18/03/2019;14704;92;44116;1102;3,7915;3,8161;3,8161;3,8277;3,7832;99141;99994;0,86;99141;100038;27910000;;;;;;;;
2850;Loja 8;19/03/2019;14303;73;42911;1072;3,7891;3,7912;3,7912;3,8001;3,7647;99991;99588;-0,41;99373;100439;17680000;;;;;;;;
2851;Loja 8;20/03/2019;16855;86;50563;1264;3,7763;3,7921;3,7921;3,7994;3,7386;99588;98041;-1,55;98383;99708;12730000;;;;;;;;
2852;Loja 8;21/03/2019;14668;77;44008;1099;3,793;3,7761;3,7761;3,8382;3,7639;98041;96729;-1,34;95456;98046;17920000;;;;;;;;
2853;Loja 8;22/03/2019;11342;58;34028;850;3,9071;3,7928;3,7928;3,9169;3,7928;96725;93735;-3,1;93380;96725;19950000;;;;;;;;
2854;Loja 8;23/03/2019;11353;52;34058;851;3,9071;3,7928;3,7928;3,9169;3,7928;96725;93735;-3,1;93380;96725;19950000;;;;;;;;
2855;Loja 8;24/03/2019;13678;56;41029;1025;3,9071;3,7928;3,7928;3,9169;3,7928;96725;93735;-3,1;93380;96725;19950000;;;;;;;;
2856;Loja 8;25/03/2019;17259;76;51783;1294;3,8544;3,9047;3,9047;3,9374;3,8438;93735;93662;-0,08;93103;94384;14640000;;;;;;;;
2857;Loja 8;26/03/2019;15784;83;47358;1183;3,8773;3,8529;3,8529;3,8794;3,8333;93668;95307;1,76;93668;95525;15360000;;;;;;;;
2858;Loja 8;27/03/2019;15907;70;47728;1193;3,9935;3,8739;3,8739;4,0019;3,8725;95297;91903;-3,57;91903;95297;17940000;;;;;;;;
2859;Loja 8;28/03/2019;14361;76;43082;1076;3,901;3,9927;3,9927;4,0159;3,8982;91901;94389;2,7;91584;94854;17480000;;;;;;;;
2860;Loja 8;29/03/2019;11876;57;35630;889;3,9247;3,9016;3,9016;3,9347;3,8679;94402;95416;1,09;94402;95863;15310000;;;;;;;;
2861;Loja 8;30/03/2019;13365;57;40095;1001;3,9247;3,9016;3,9016;3,9347;3,8679;94402;95416;1,09;94402;95863;15310000;;;;;;;;
2862;Loja 8;31/03/2019;10833;62;32497;812;3,9247;3,9016;3,9016;3,9347;3,8679;94402;95416;1,09;94402;95863;15310000;;;;;;;;
2863;Loja 8;01/04/2019;15689;89;61656;1394;3,8518;3,8897;3,8897;3,8932;3,8492;95423;96054;0,67;95423;96752;11300000;;;;;;;;
2864;Loja 8;02/04/2019;18545;90;72169;1638;3,8537;3,8523;3,8523;3,88;3,8483;96062;95387;-0,69;94825;96690;11950000;;;;;;;;
2865;Loja 8;03/04/2019;12200;63;36596;913;3,87;3,8538;3,8538;3,8824;3,8327;95392;94491;-0,94;94124;96442;13930000;;;;;;;;
2866;Loja 8;04/04/2019;13613;67;40838;1020;3,859;3,8708;3,8708;3,8876;3,8472;94503;96313;1,93;94334;96394;13180000;;;;;;;;
2867;Loja 8;05/04/2019;14191;76;42577;1063;3,8735;3,8589;3,8589;3,8766;3,8415;96319;97108;0,83;96152;97493;12380000;;;;;;;;
2868;Loja 8;06/04/2019;9587;50;28763;718;3,8735;3,8589;3,8589;3,8766;3,8415;96319;97108;0,83;96152;97493;12380000;;;;;;;;
2869;Loja 8;07/04/2019;15031;68;45094;1126;3,8735;3,8589;3,8589;3,8766;3,8415;96319;97108;0,83;96152;97493;12380000;;;;;;;;
2870;Loja 8;08/04/2019;22249;103;128139;2587;3,8495;3,872;3,872;3,8773;3,8415;97110;97369;0,27;96743;97610;12030000;;;;;;;;
2871;Loja 8;09/04/2019;22066;113;119156;2448;3,851;3,85;3,85;3,8649;3,8462;97366;96292;-1,11;95488;97366;9490000;;;;;;;;
2872;Loja 8;10/04/2019;18858;81;56572;1414;3,8251;3,8511;3,8511;3,8542;3,8144;96292;95953;-0,35;95670;96902;14240000;;;;;;;;
2873;Loja 8;11/04/2019;17894;81;53684;1340;3,8582;3,8264;3,8264;3,8636;3,8264;95954;94817;-1,18;94173;95954;10750000;;;;;;;;
2874;Loja 8;12/04/2019;23649;100;204265;3962;3,8819;3,8584;3,8584;3,908;3,8575;94747;92875;-2,05;92516;94768;20590000;;;;;;;;
2875;Loja 8;13/04/2019;12108;66;117195;2235;3,8819;3,8584;3,8584;3,908;3,8575;94747;92875;-2,05;92516;94768;20590000;;;;;;;;
2876;Loja 8;14/04/2019;21103;98;199067;3811;3,8819;3,8584;3,8584;3,908;3,8575;94747;92875;-2,05;92516;94768;20590000;;;;;;;;
2877;Loja 8;15/04/2019;15835;86;47508;1187;3,8723;3,8811;3,8811;3,8908;3,8588;92875;93082;0,22;92697;93723;18410000;;;;;;;;
2878;Loja 8;16/04/2019;11811;55;35429;885;3,904;3,873;3,873;3,9085;3,8687;93082;94333;1,34;92879;95062;14190000;;;;;;;;
2879;Loja 8;17/04/2019;14430;64;43291;1081;3,9382;3,9052;3,9052;3,9477;3,8859;94337;93285;-1,11;92338;95042;34690000;;;;;;;;
2880;Loja 8;18/04/2019;8927;56;26784;669;3,9274;3,9409;3,9409;3,9522;3,9047;93285;94578;1,39;93285;95140;15290000;;;;;;;;
2881;Loja 8;19/04/2019;12421;51;37267;930;3,9275;3,9275;3,9275;3,9275;3,9275;93285;94578;1,39;93285;95140;15290000;;;;;;;;
2882;Loja 8;20/04/2019;13350;52;40051;1001;3,9275;3,9275;3,9275;3,9275;3,9275;93285;94578;1,39;93285;95140;15290000;;;;;;;;
2883;Loja 8;21/04/2019;13006;47;39019;975;3,9275;3,9275;3,9275;3,9275;3,9275;93285;94578;1,39;93285;95140;15290000;;;;;;;;
2884;Loja 8;22/04/2019;13507;59;40522;1011;3,9365;3,9268;3,9268;3,9394;3,9127;94578;94588;0,01;93721;95038;10190000;;;;;;;;
2885;Loja 8;23/04/2019;16369;76;49111;1227;3,9211;3,937;3,937;3,9648;3,9131;94590;95923;1,41;94590;96315;13230000;;;;;;;;
2886;Loja 8;24/04/2019;11730;68;35189;879;3,9927;3,9204;3,9204;3,9942;3,9185;95923;95045;-0,92;94163;95923;14110000;;;;;;;;
2887;Loja 8;25/04/2019;13222;69;39667;991;3,9542;3,9918;3,9918;4,0071;3,9467;95027;96386;1,41;94213;96429;14530000;;;;;;;;
2888;Loja 8;26/04/2019;9064;50;27191;679;3,9293;3,9505;3,9505;3,9758;3,9194;96552;96236;-0,16;95620;96563;11090000;;;;;;;;
2889;Loja 8;27/04/2019;5548;33;16644;416;3,9293;3,9505;3,9505;3,9758;3,9194;96552;96236;-0,16;95620;96563;11090000;;;;;;;;
2890;Loja 8;28/04/2019;9066;40;27193;679;3,9293;3,9505;3,9505;3,9758;3,9194;96552;96236;-0,16;95620;96563;11090000;;;;;;;;
2891;Loja 8;29/04/2019;10518;52;31558;788;3,9456;3,9304;3,9304;3,9466;3,9214;96254;96188;-0,05;96004;97123;10460000;;;;;;;;
2892;Loja 8;30/04/2019;12366;56;37097;926;3,9215;3,9453;3,9453;3,9573;3,9127;96191;96353;0,17;95613;96707;13300000;;;;;;;;
2893;Loja 8;01/05/2019;11476;57;34429;860;3,9202;3,9201;3,9201;3,922;3,9182;96191;96353;0,17;95613;96707;13300000;;;;;;;;
2894;Loja 8;02/05/2019;16441;85;49325;1231;3,9661;3,9198;3,9198;3,9722;3,9181;96339;95528;-0,86;95312;96339;12320000;;;;;;;;
2895;Loja 8;03/05/2019;12878;67;38638;965;3,9382;3,9669;3,9669;3,9684;3,9304;95521;96008;0,5;95521;96315;12930000;;;;;;;;
2896;Loja 8;04/05/2019;12258;65;36771;918;3,9382;3,9669;3,9669;3,9684;3,9304;95521;96008;0,5;95521;96315;12930000;;;;;;;;
2897;Loja 8;05/05/2019;12221;59;36663;916;3,9382;3,9669;3,9669;3,9684;3,9304;95521;96008;0,5;95521;96315;12930000;;;;;;;;
2898;Loja 8;06/05/2019;19221;96;144909;2924;3,9695;3,9386;3,9386;3,9754;3,9386;95992;95009;-1,04;94540;95992;9780000;;;;;;;;
2899;Loja 8;07/05/2019;15384;84;152966;2827;3,971;3,971;3,971;4,0006;3,964;95009;94024;-1,04;92750;95009;15170000;;;;;;;;
2900;Loja 8;08/05/2019;14907;70;44720;1118;3,9285;3,9708;3,9708;3,9781;3,9251;94389;95597;1,67;94389;96312;15670000;;;;;;;;
2901;Loja 8;09/05/2019;13387;65;40161;1004;3,9466;3,9283;3,9283;3,9818;3,9283;95597;94808;-0,83;93883;95597;13440000;;;;;;;;
2902;Loja 8;10/05/2019;12689;60;54205;1226;3,9572;3,947;3,947;3,9736;3,9363;94809;94258;-0,58;93234;94848;13270000;;;;;;;;
2903;Loja 8;11/05/2019;7319;37;21956;548;3,9572;3,947;3,947;3,9736;3,9363;94809;94258;-0,58;93234;94848;13270000;;;;;;;;
2904;Loja 8;12/05/2019;9391;44;28173;704;3,9572;3,947;3,947;3,9736;3,9363;94809;94258;-0,58;93234;94848;13270000;;;;;;;;
2905;Loja 8;13/05/2019;18981;87;103458;2121;3,9939;3,9771;3,9771;4,0057;3,9733;94252;91727;-2,69;91600;94252;13650000;;;;;;;;
2906;Loja 8;14/05/2019;12864;69;115772;2232;3,9751;3,9926;3,9926;3,9952;3,9661;91736;92092;0,4;91562;92529;12890000;;;;;;;;
2907;Loja 8;15/05/2019;13663;61;40988;1023;4,0017;3,9765;3,9765;4,0218;3,9735;92088;91623;-0,51;90295;92088;15950000;;;;;;;;
2908;Loja 8;16/05/2019;12014;61;36041;900;4,0469;4,0014;4,0014;4,0542;3,9933;91622;90024;-1,75;89778;91622;17500000;;;;;;;;
2909;Loja 8;17/05/2019;9555;48;28664;716;4,0999;4,048;4,048;4,1129;4,0472;90023;89993;-0,04;89409;91321;16530000;;;;;;;;
2910;Loja 8;18/05/2019;7240;33;21720;543;4,0999;4,048;4,048;4,1129;4,0472;90023;89993;-0,04;89409;91321;16530000;;;;;;;;
2911;Loja 8;19/05/2019;7852;44;23556;588;4,0999;4,048;4,048;4,1129;4,0472;90023;89993;-0,04;89409;91321;16530000;;;;;;;;
2912;Loja 8;20/05/2019;10151;51;32995;799;4,0968;4,1014;4,1014;4,1217;4,0774;90006;91946;2,17;89822;92117;23500000;;;;;;;;
2913;Loja 8;21/05/2019;11089;55;33265;831;4,039;4,0966;4,0966;4,1136;4,0329;91946;94485;2,76;91946;94573;17340000;;;;;;;;
2914;Loja 8;22/05/2019;11188;53;33565;839;4,0403;4,0384;4,0384;4,053;4,0062;94485;94361;-0,13;93883;95212;14460000;;;;;;;;
2915;Loja 8;23/05/2019;14596;69;43785;1094;4,0401;4,0405;4,0405;4,0717;4,0255;94360;93910;-0,48;93300;94547;12710000;;;;;;;;
2916;Loja 8;24/05/2019;10492;57;31479;786;4,0225;4,0426;4,0426;4,0485;4,0092;93912;93628;-0,3;93545;94900;11930000;;;;;;;;
2917;Loja 8;25/05/2019;10207;41;30622;765;4,0225;4,0426;4,0426;4,0485;4,0092;93912;93628;-0,3;93545;94900;11930000;;;;;;;;
2918;Loja 8;26/05/2019;12950;59;38849;971;4,0225;4,0426;4,0426;4,0485;4,0092;93912;93628;-0,3;93545;94900;11930000;;;;;;;;
2919;Loja 8;27/05/2019;14255;72;42765;1069;4,0423;4,0134;4,0134;4,0441;4,0042;93626;94864;1,32;93626;95444;8590000;;;;;;;;
2920;Loja 8;28/05/2019;10053;60;30159;753;4,0247;4,0432;4,0432;4,0539;4,0101;94863;96393;1,61;94707;96552;24510000;;;;;;;;
2921;Loja 8;29/05/2019;12701;56;38106;952;3,9747;4,0247;4,0247;4,0408;3,9678;96389;96567;0,18;95690;96986;14870000;;;;;;;;
2922;Loja 8;30/05/2019;20746;85;62241;1556;3,9818;3,9743;3,9743;3,9931;3,9542;96566;97457;0,92;96511;97939;14130000;;;;;;;;
2923;Loja 8;31/05/2019;9664;54;28993;724;3,9228;3,9802;3,9802;3,9988;3,909;97420;97030;-0,44;96792;97992;16410000;;;;;;;;
2924;Loja 8;01/06/2019;6296;37;18884;472;3,9228;3,9802;3,9802;3,9988;3,909;97420;97030;-0,44;96792;97992;16410000;;;;;;;;
2925;Loja 8;02/06/2019;7961;34;23883;597;3,9228;3,9802;3,9802;3,9988;3,909;97420;97030;-0,44;96792;97992;16410000;;;;;;;;
2926;Loja 8;03/06/2019;18663;75;69761;1606;3,8859;3,9233;3,9233;3,9349;3,8823;97036;97020;-0,01;96430;97757;14490000;;;;;;;;
2927;Loja 8;04/06/2019;13700;76;54783;1232;3,8548;3,8857;3,8857;3,8899;3,8485;97020;97380;0,37;96593;97723;14620000;;;;;;;;
2928;Loja 8;05/06/2019;18658;72;55971;1399;3,8811;3,8569;3,8569;3,9036;3,8357;97381;95999;-1,42;95686;97686;12890000;;;;;;;;
2929;Loja 8;06/06/2019;20651;81;61958;1548;3,8798;3,8813;3,8813;3,8878;3,8563;96002;97205;1,26;96002;97462;13120000;;;;;;;;
2930;Loja 8;07/06/2019;9869;50;29609;740;3,8789;3,8806;3,8806;3,8864;3,8505;97205;97821;0,63;97205;98326;11900000;;;;;;;;
2931;Loja 8;08/06/2019;8801;37;26406;660;3,8789;3,8806;3,8806;3,8864;3,8505;97205;97821;0,63;97205;98326;11900000;;;;;;;;
2932;Loja 8;09/06/2019;14688;64;44060;1101;3,8789;3,8806;3,8806;3,8864;3,8505;97205;97821;0,63;97205;98326;11900000;;;;;;;;
2933;Loja 8;10/06/2019;12872;62;71424;1457;3,8887;3,8763;3,8763;3,9003;3,8674;97828;97734;-0,09;96782;97856;8650000;;;;;;;;
2934;Loja 8;11/06/2019;18121;77;95781;1976;3,8571;3,887;3,887;3,887;3,842;97467;98960;1,25;97467;98985;17060000;;;;;;;;
2935;Loja 8;12/06/2019;12078;54;36236;905;3,8672;3,8573;3,8573;3,8723;3,8293;98960;98321;-0,65;97831;99240;28650000;;;;;;;;
2936;Loja 8;13/06/2019;14539;62;43611;1090;3,8487;3,867;3,867;3,8675;3,8342;98321;98774;0,46;98321;99364;18650000;;;;;;;;
2937;Loja 8;14/06/2019;8758;47;26272;656;3,8958;3,8491;3,8491;3,9135;3,8479;98776;98040;-0,74;97601;98981;16820000;;;;;;;;
2938;Loja 8;15/06/2019;11114;49;33343;833;3,8958;3,8491;3,8491;3,9135;3,8479;98776;98040;-0,74;97601;98981;16820000;;;;;;;;
2939;Loja 8;16/06/2019;9436;47;28309;707;3,8958;3,8491;3,8491;3,9135;3,8479;98776;98040;-0,74;97601;98981;16820000;;;;;;;;
2940;Loja 8;17/06/2019;13865;73;78224;1588;3,8883;3,8967;3,8967;3,9245;3,8792;98038;97623;-0,43;97623;98439;20610000;;;;;;;;
2941;Loja 8;18/06/2019;10065;57;30196;754;3,8603;3,8899;3,8899;3,8899;3,8489;97633;99404;1,82;97633;99412;15600000;;;;;;;;
2942;Loja 8;19/06/2019;9838;48;29513;737;3,839;3,8603;3,8603;3,884;3,8376;99403;100303;0,9;98978;100326;9920000;;;;;;;;
2943;Loja 8;20/06/2019;14321;62;42962;1074;3,839;3,8387;3,8387;3,8397;3,8387;99403;100303;0,9;98978;100326;9920000;;;;;;;;
2944;Loja 8;21/06/2019;12902;59;38706;967;3,8192;3,8313;3,8313;3,8458;3,8119;100305;102013;1,7;100305;102100;18800000;;;;;;;;
2945;Loja 8;22/06/2019;6122;28;18367;459;3,8192;3,8313;3,8313;3,8458;3,8119;100305;102013;1,7;100305;102100;18800000;;;;;;;;
2946;Loja 8;23/06/2019;9580;33;28740;718;3,8192;3,8313;3,8313;3,8458;3,8119;100305;102013;1,7;100305;102100;18800000;;;;;;;;
2947;Loja 8;24/06/2019;10134;51;30402;760;3,8254;3,8216;3,8216;3,8381;3,8065;102018;102062;0,05;101589;102617;12710000;;;;;;;;
2948;Loja 8;25/06/2019;10706;49;35828;895;3,848;3,8264;3,8264;3,859;3,8182;102061;100092;-1,93;99890;102061;15170000;;;;;;;;
2949;Loja 8;26/06/2019;11378;48;34134;853;3,8445;3,8481;3,8481;3,859;3,8314;100095;100689;0,6;100095;101126;15900000;;;;;;;;
2950;Loja 8;27/06/2019;13803;70;46762;1169;3,8196;3,8461;3,8461;3,8728;3,8171;100689;100724;0,04;99421;101025;14510000;;;;;;;;
2951;Loja 8;28/06/2019;8396;45;25189;629;3,852;3,8189;3,8189;3,852;3,8128;100726;100967;0,24;100726;101563;14990000;;;;;;;;
2952;Loja 8;29/06/2019;11346;47;34039;850;3,852;3,8189;3,8189;3,852;3,8128;100726;100967;0,24;100726;101563;14990000;;;;;;;;
2953;Loja 8;30/06/2019;11116;52;33345;833;3,852;3,8189;3,8189;3,852;3,8128;100726;100967;0,24;100726;101563;14990000;;;;;;;;
2954;Loja 8;01/07/2019;17642;73;52921;1323;3,8405;3,8375;3,8375;3,8488;3,8086;100973;101340;0,37;100973;102432;14890000;;;;;;;;
2955;Loja 8;02/07/2019;15091;69;45271;1131;3,8456;3,8412;3,8412;3,8813;3,8182;101342;100605;-0,72;100073;101565;17660000;;;;;;;;
2956;Loja 8;03/07/2019;11646;55;34939;873;3,8272;3,8468;3,8468;3,8758;3,815;100576;102043;1,43;100451;102177;15640000;;;;;;;;
2957;Loja 8;04/07/2019;17348;77;52042;1301;3,8011;3,8266;3,8266;3,8293;3,7828;102047;103636;1,56;102047;104022;13530000;;;;;;;;
2958;Loja 8;05/07/2019;15308;64;45922;1148;3,8221;3,8024;3,8024;3,8386;3,7976;103628;104089;0,44;102622;104176;15150000;;;;;;;;
2959;Loja 8;06/07/2019;8233;39;24700;617;3,8221;3,8024;3,8024;3,8386;3,7976;103628;104089;0,44;102622;104176;15150000;;;;;;;;
2960;Loja 8;07/07/2019;8230;39;24688;617;3,8221;3,8024;3,8024;3,8386;3,7976;103628;104089;0,44;102622;104176;15150000;;;;;;;;
2961;Loja 8;08/07/2019;11204;62;33615;840;3,8073;3,816;3,816;3,8179;3,7991;104090;104530;0,42;103988;104679;12630000;;;;;;;;
2962;Loja 8;09/07/2019;16536;75;49607;1240;3,8005;3,8076;3,8076;3,8076;3,8005;104090;104530;0,42;103988;104679;12630000;;;;;;;;
2963;Loja 8;10/07/2019;16906;76;50725;1268;3,7546;3,7883;3,7883;3,7942;3,7496;104537;105817;1,23;104537;106294;6760000;;;;;;;;
2964;Loja 8;11/07/2019;13333;57;39998;999;3,7551;3,7549;3,7549;3,7675;3,7346;105818;105135;-0,64;104814;105886;16960000;;;;;;;;
2965;Loja 8;12/07/2019;10911;58;32735;818;3,7373;3,7577;3,7577;3,7644;3,7304;105158;103903;-1,17;103903;105731;16520000;;;;;;;;
2966;Loja 8;13/07/2019;8817;45;26453;661;3,7373;3,7577;3,7577;3,7644;3,7304;105158;103903;-1,17;103903;105731;16520000;;;;;;;;
2967;Loja 8;14/07/2019;15077;53;45228;1130;3,7373;3,7577;3,7577;3,7644;3,7304;105158;103903;-1,17;103903;105731;16520000;;;;;;;;
2968;Loja 8;15/07/2019;20310;84;60926;1523;3,7567;3,7367;3,7367;3,7588;3,7281;103909;103803;-0,1;103495;104578;19930000;;;;;;;;
2969;Loja 8;16/07/2019;18440;110;55322;1383;3,7687;3,7559;3,7559;3,7717;3,7515;103805;103775;-0,03;103361;104440;12590000;;;;;;;;
2970;Loja 8;17/07/2019;23580;107;70742;1768;3,7641;3,7692;3,7692;3,7692;3,7542;103775;103856;0,08;103712;104453;32830000;;;;;;;;
2971;Loja 8;18/07/2019;20492;91;61476;1536;3,7193;3,7645;3,7645;3,7645;3,7178;103859;104717;0,83;103859;104773;14670000;;;;;;;;
2972;Loja 8;19/07/2019;12988;71;38956;973;3,7494;3,7199;3,7199;3,755;3,7199;104716;103452;-1,21;103388;104723;12910000;;;;;;;;
2973;Loja 8;20/07/2019;9168;41;27504;687;3,7494;3,7199;3,7199;3,755;3,7199;104716;103452;-1,21;103388;104723;12910000;;;;;;;;
2974;Loja 8;21/07/2019;7942;42;23825;595;3,7494;3,7199;3,7199;3,755;3,7199;104716;103452;-1,21;103388;104723;12910000;;;;;;;;
2975;Loja 8;22/07/2019;10612;54;31841;796;3,7407;3,7456;3,7456;3,7481;3,7288;103452;103949;0,48;103452;104278;11760000;;;;;;;;
2976;Loja 8;23/07/2019;13432;76;40297;1007;3,7737;3,7405;3,7405;3,7794;3,7402;103949;103704;-0,24;103518;104430;14520000;;;;;;;;
2977;Loja 8;24/07/2019;16077;93;48232;1205;3,7736;3,775;3,775;3,7797;3,752;103707;104120;0,4;103707;104570;16280000;;;;;;;;
2978;Loja 8;25/07/2019;13877;70;41628;1040;3,779;3,7744;3,7744;3,8068;3,7546;104119;102655;-1,41;102390;104440;19350000;;;;;;;;
2979;Loja 8;26/07/2019;8986;49;26959;673;3,7761;3,7795;3,7795;3,7946;3,7593;102654;102819;0,16;102196;103209;18290000;;;;;;;;
2980;Loja 8;27/07/2019;8404;37;25211;630;3,7761;3,7795;3,7795;3,7946;3,7593;102654;102819;0,16;102196;103209;18290000;;;;;;;;
2981;Loja 8;28/07/2019;12463;51;37388;934;3,7761;3,7795;3,7795;3,7946;3,7593;102654;102819;0,16;102196;103209;18290000;;;;;;;;
2982;Loja 8;29/07/2019;15253;68;45763;1144;3,7816;3,775;3,775;3,8007;3,775;102817;103483;0,65;102461;103483;12510000;;;;;;;;
2983;Loja 8;30/07/2019;22833;94;68490;1712;3,7906;3,7824;3,7824;3,8;3,7751;103483;102933;-0,53;102596;103555;15150000;;;;;;;;
2984;Loja 8;31/07/2019;23141;127;69425;1735;3,8129;3,7897;3,7897;3,8236;3,7474;102946;101812;-1,09;100950;103129;19260000;;;;;;;;
2985;Loja 8;01/08/2019;43720;227;131159;3278;3,8403;3,8165;3,8165;3,8618;3,8115;101819;102126;0,31;101819;104056;26090000;;;;;;;;
2986;Loja 8;02/08/2019;44356;217;133075;3326;3,8893;3,8411;3,8411;3,8937;3,8397;102122;102674;0,54;101667;103180;17720000;;;;;;;;
2987;Loja 8;03/08/2019;28737;137;86216;2155;3,8893;3,8411;3,8411;3,8937;3,8397;102122;102674;0,54;101667;103180;17720000;;;;;;;;
2988;Loja 8;04/08/2019;28044;161;84137;2103;3,8893;3,8411;3,8411;3,8937;3,8397;102122;102674;0,54;101667;103180;17720000;;;;;;;;
2989;Loja 8;05/08/2019;27696;142;83079;2076;3,9783;3,8859;3,8859;3,9786;3,8859;102658;100098;-2,51;99630;102658;17970000;;;;;;;;
2990;Loja 8;06/08/2019;22735;114;68197;1704;3,9612;3,9758;3,9758;3,9866;3,9356;102658;100098;-2,51;99630;102658;17970000;;;;;;;;
2991;Loja 8;07/08/2019;18340;88;55021;1375;3,9691;3,9619;3,9619;3,9931;3,9449;102163;102782;0,61;100476;102784;19290000;;;;;;;;
2992;Loja 8;08/08/2019;17542;85;57169;1429;3,9199;3,9694;3,9694;3,9703;3,9184;102782;104107;1,29;102782;104282;20150000;;;;;;;;
2993;Loja 8;09/08/2019;13180;60;39539;988;3,9416;3,9203;3,9203;3,9504;3,92;104102;103910;-0,19;103547;104848;15520000;;;;;;;;
2994;Loja 8;10/08/2019;10512;53;31539;788;3,9416;3,9203;3,9203;3,9504;3,92;104102;103910;-0,19;103547;104848;15520000;;;;;;;;
2995;Loja 8;11/08/2019;13010;57;39027;975;3,9416;3,9203;3,9203;3,9504;3,92;104102;103910;-0,19;103547;104848;15520000;;;;;;;;
2996;Loja 8;12/08/2019;15730;75;47189;1179;3,9855;3,9393;3,9393;4,0126;3,9382;103946;101915;-1,92;101621;103946;15880000;;;;;;;;
2997;Loja 8;13/08/2019;17607;102;52818;1320;3,966;3,9862;3,9862;4,0136;3,9454;101912;103462;1,52;101414;103778;15440000;;;;;;;;
2998;Loja 8;14/08/2019;24312;122;72939;1823;4,0526;3,9639;3,9639;4,0539;3,9624;101912;103462;1,52;101414;103778;15440000;;;;;;;;
2999;Loja 8;15/08/2019;16144;83;48429;1210;3,991;4,0503;4,0503;4,0515;3,9785;100262;99057;-1,2;98200;101014;21050000;;;;;;;;
3000;Loja 8;16/08/2019;14934;71;44803;1120;4,0058;3,9918;3,9918;4,008;3,9749;99059;99806;0,76;99059;100567;18500000;;;;;;;;
3001;Loja 8;17/08/2019;14913;66;44738;1118;4,0058;3,9918;3,9918;4,008;3,9749;99059;99806;0,76;99059;100567;18500000;;;;;;;;
3002;Loja 8;18/08/2019;13750;63;41250;1031;4,0058;3,9918;3,9918;4,008;3,9749;99059;99806;0,76;99059;100567;18500000;;;;;;;;
3003;Loja 8;19/08/2019;15066;73;45203;1130;4,0743;4,0023;4,0023;4,0758;3,9897;99810;99469;-0,34;98908;100948;26430000;;;;;;;;
3004;Loja 8;20/08/2019;13603;75;40808;1020;4,0542;4,0754;4,0754;4,0761;4,0268;99472;99222;-0,25;98002;99665;15690000;;;;;;;;
3005;Loja 8;21/08/2019;12319;69;36961;924;4,0269;4,0546;4,0546;4,0551;4,0129;99227;101202;2;99221;101240;18490000;;;;;;;;
3006;Loja 8;22/08/2019;14835;81;44508;1112;4,0706;4,0263;4,0263;4,0812;4,016;101209;100011;-1,18;100011;101469;14870000;;;;;;;;
3007;Loja 8;23/08/2019;14832;71;44498;1112;4,1198;4,0704;4,0704;4,132;4,0492;100007;97667;-2,34;97085;100025;19350000;;;;;;;;
3008;Loja 8;24/08/2019;11929;60;35792;894;4,1198;4,0704;4,0704;4,132;4,0492;100007;97667;-2,34;97085;100025;19350000;;;;;;;;
3009;Loja 8;25/08/2019;12595;53;37784;944;4,1198;4,0704;4,0704;4,132;4,0492;100007;97667;-2,34;97085;100025;19350000;;;;;;;;
3010;Loja 8;26/08/2019;18479;92;55438;1385;4,1571;4,1193;4,1193;4,1691;4,1022;97687;96430;-1,27;95961;98436;14430000;;;;;;;;
3011;Loja 8;27/08/2019;20984;113;62955;1573;4,1311;4,1579;4,1579;4,1954;4,1212;96434;97276;0,88;95855;97951;20770000;;;;;;;;
3012;Loja 8;28/08/2019;15675;96;47026;1175;4,1682;4,1265;4,1265;4,169;4,1265;97273;98194;0,94;96557;98346;13600000;;;;;;;;
3013;Loja 8;29/08/2019;11850;68;35550;888;4,1688;4,1692;4,1692;4,1776;4,1414;98194;100524;2,37;98194;100684;17440000;;;;;;;;
3014;Loja 8;30/08/2019;13684;66;41055;1026;4,1453;4,1699;4,1699;4,1715;4,1197;100526;101135;0,61;100526;101551;21820000;;;;;;;;
3015;Loja 8;31/08/2019;9698;50;29093;727;4,1453;4,1699;4,1699;4,1715;4,1197;100526;101135;0,61;100526;101551;21820000;;;;;;;;
3016;Loja 8;01/09/2019;16259;82;49134;1227;4,1453;4,1699;4,1699;4,1715;4,1197;100526;101135;0,61;100526;101551;21820000;;;;;;;;
3017;Loja 8;02/09/2019;25269;120;78917;1972;4,1871;4,1444;4,1444;4,1901;4,1414;101133;100626;-0,5;100626;101611;10700000;;;;;;;;
3018;Loja 8;03/09/2019;20685;93;62055;1551;4,1681;4,186;4,186;4,186;4,1497;100626;99681;-0,94;99406;101417;17540000;;;;;;;;
3019;Loja 8;04/09/2019;42332;207;485786;8795;4,095;4,1674;4,1674;4,1677;4,0888;99706;100942;1,27;99706;101071;11400000;;;;;;;;
3020;Loja 8;05/09/2019;22716;108;68531;1712;4,1094;4,096;4,096;4,1159;4,0704;101204;102252;1,3;101204;103258;16270000;;;;;;;;
3021;Loja 8;06/09/2019;16641;85;49887;1246;4,0618;4,1094;4,1094;4,1094;4,0531;102247;102935;0,67;102246;103182;13970000;;;;;;;;
3022;Loja 8;07/09/2019;14995;65;44983;1124;4,0618;4,1094;4,1094;4,1094;4,0531;102247;102935;0,67;102246;103182;13970000;;;;;;;;
3023;Loja 8;08/09/2019;15872;83;47617;1190;4,0618;4,1094;4,1094;4,1094;4,0531;102247;102935;0,67;102246;103182;13970000;;;;;;;;
3024;Loja 8;09/09/2019;62073;354;186224;4655;4,0953;4,0639;4,0639;4,105;4,048;102937;103181;0,24;102793;104260;18850000;;;;;;;;
3025;Loja 8;10/09/2019;20373;111;61121;1528;4,0808;4,0963;4,0963;4,1302;4,0793;103180;103032;-0,14;102231;103503;17430000;;;;;;;;
3026;Loja 8;11/09/2019;15692;78;47071;1176;4,068;4,0814;4,0814;4,0928;4,0507;103036;103446;0,4;103036;104156;16610000;;;;;;;;
3027;Loja 8;12/09/2019;18891;79;56667;1416;4,0608;4,0682;4,0682;4,0712;4,0266;103453;104332;0,86;103453;104618;10880000;;;;;;;;
3028;Loja 8;13/09/2019;15123;81;45368;1134;4,0849;4,0615;4,0615;4,0959;4,0429;104371;103501;-0,8;103275;104699;14730000;;;;;;;;
3029;Loja 8;14/09/2019;13786;66;41362;1034;4,0849;4,0615;4,0615;4,0959;4,0429;104371;103501;-0,8;103275;104699;14730000;;;;;;;;
3030;Loja 8;15/09/2019;20211;94;60634;1515;4,0849;4,0615;4,0615;4,0959;4,0429;104371;103501;-0,8;103275;104699;14730000;;;;;;;;
3031;Loja 8;16/09/2019;23078;111;69234;1730;4,081;4,0854;4,0854;4,107;4,0745;103496;103259;-0,23;102782;104005;24210000;;;;;;;;
3032;Loja 8;17/09/2019;32061;171;139596;3142;4,0777;4,0944;4,0944;4,117;4,0708;103680;104617;0,9;103079;104619;15870000;;;;;;;;
3033;Loja 8;18/09/2019;24737;130;107928;2428;4,1112;4,0779;4,0779;4,1147;4,0726;104616;104532;-0,08;103684;104762;26380000;;;;;;;;
3034;Loja 8;19/09/2019;13966;77;41897;1047;4,1678;4,1109;4,1109;4,1688;4,1076;104555;104339;-0,18;104286;106001;16790000;;;;;;;;
3035;Loja 8;20/09/2019;19419;87;58529;1462;4,148;4,1678;4,1678;4,1841;4,146;104339;104817;0,46;103914;105045;22440000;;;;;;;;
3036;Loja 8;21/09/2019;12269;55;36806;920;4,148;4,1678;4,1678;4,1841;4,146;104339;104817;0,46;103914;105045;22440000;;;;;;;;
3037;Loja 8;22/09/2019;14175;57;42524;1063;4,148;4,1678;4,1678;4,1841;4,146;104339;104817;0,46;103914;105045;22440000;;;;;;;;
3038;Loja 8;23/09/2019;14951;80;44852;1121;4,1638;4,1495;4,1495;4,1849;4,1447;104817;104638;-0,17;104020;104817;11090000;;;;;;;;
3039;Loja 8;24/09/2019;18164;89;54496;1362;4,165;4,1643;4,1643;4,1842;4,1531;104638;103876;-0,73;103504;104893;14050000;;;;;;;;
3040;Loja 8;25/09/2019;13622;84;46347;1158;4,149;4,1649;4,1649;4,1955;4,1448;103857;104481;0,58;103034;104481;14170000;;;;;;;;
3041;Loja 8;26/09/2019;20533;87;61602;1540;4,1711;4,1475;4,1475;4,1733;4,1208;104485;105319;0,8;104337;105342;13830000;;;;;;;;
3042;Loja 8;27/09/2019;21477;99;64429;1610;4,1602;4,1706;4,1706;4,1712;4,1437;105319;105078;-0,23;104506;105633;12160000;;;;;;;;
3043;Loja 8;28/09/2019;11491;54;34473;861;4,1602;4,1706;4,1706;4,1712;4,1437;105319;105078;-0,23;104506;105633;12160000;;;;;;;;
3044;Loja 8;29/09/2019;15837;80;47515;1187;4,1602;4,1706;4,1706;4,1712;4,1437;105319;105078;-0,23;104506;105633;12160000;;;;;;;;
3045;Loja 8;30/09/2019;18319;90;54954;1373;4,1556;4,1618;4,1618;4,172;4,1411;105077;104745;-0,32;104638;105178;12990000;;;;;;;;
3046;Loja 8;01/10/2019;20362;108;61090;1527;4,159;4,1575;4,1575;4,1863;4,1524;104745;104053;-0,66;103837;105121;14210000;;;;;;;;
3047;Loja 8;02/10/2019;21965;136;65895;1647;4,1293;4,158;4,158;4,1821;4,127;104049;101030;-2,91;100944;104049;17160000;;;;;;;;
3048;Loja 8;03/10/2019;21627;112;64883;1622;4,0841;4,1296;4,1296;4,1306;4,0743;101031;101516;0,48;99826;101560;15840000;;;;;;;;
3049;Loja 8;04/10/2019;20198;105;60589;1514;4,0556;4,0845;4,0845;4,0856;4,0496;101516;102551;1,02;101057;102580;15570000;;;;;;;;
3050;Loja 8;05/10/2019;12849;68;38549;963;4,0556;4,0845;4,0845;4,0856;4,0496;101516;102551;1,02;101057;102580;15570000;;;;;;;;
3051;Loja 8;06/10/2019;11643;69;38498;962;4,0556;4,0845;4,0845;4,0856;4,0496;101516;102551;1,02;101057;102580;15570000;;;;;;;;
3052;Loja 8;07/10/2019;16509;90;49534;1238;4,1071;4,0563;4,0563;4,1095;4,056;102546;100573;-1,93;100542;102546;13450000;;;;;;;;
3053;Loja 8;08/10/2019;26725;153;80181;2004;4,0954;4,1074;4,1074;4,1137;4,0739;100565;99981;-0,59;99868;101296;14290000;;;;;;;;
3054;Loja 8;09/10/2019;17255;97;51764;1294;4,1104;4,0965;4,0965;4,112;4,0705;100005;101248;1,27;100005;101567;10040000;;;;;;;;
3055;Loja 8;10/10/2019;13835;98;41509;1037;4,1095;4,1101;4,1101;4,1377;4,0891;101244;101817;0,56;101152;102483;14170000;;;;;;;;
3056;Loja 8;11/10/2019;15533;87;46596;1164;4,1097;4,1071;4,1071;4,1261;4,0803;101819;103834;1,98;101819;104381;15490000;;;;;;;;
3057;Loja 8;12/10/2019;11096;52;33289;832;4,1097;4,1071;4,1071;4,1261;4,0803;101819;103834;1,98;101819;104381;15490000;;;;;;;;
3058;Loja 8;13/10/2019;11221;56;33666;841;4,1097;4,1071;4,1071;4,1261;4,0803;101819;103834;1,98;101819;104381;15490000;;;;;;;;
3059;Loja 8;14/10/2019;17833;90;61567;1539;4,1265;4,1073;4,1073;4,1383;4,1073;103834;104302;0,45;103438;104305;10900000;;;;;;;;
3060;Loja 8;15/10/2019;18057;97;54171;1354;4,1807;4,1261;4,1261;4,1814;4,1209;104299;104491;0,18;104052;105048;15000000;;;;;;;;
3061;Loja 8;16/10/2019;8457;75;25368;633;4,1518;4,1802;4,1802;4,1879;4,1475;104486;105423;0,89;103521;105462;23750000;;;;;;;;
3062;Loja 8;17/10/2019;12989;91;42197;1054;4,1643;4,152;4,152;4,1818;4,1269;105389;105016;-0,39;104827;105891;15250000;;;;;;;;
3063;Loja 8;18/10/2019;9600;78;28804;719;4,1117;4,1646;4,1646;4,1666;4,1098;105012;104729;-0,27;104525;105464;16290000;;;;;;;;
3064;Loja 8;19/10/2019;6156;42;18477;461;4,1117;4,1646;4,1646;4,1666;4,1098;105012;104729;-0,27;104525;105464;16290000;;;;;;;;
3065;Loja 8;20/10/2019;7268;45;21799;544;4,1117;4,1646;4,1646;4,1666;4,1098;105012;104729;-0,27;104525;105464;16290000;;;;;;;;
3066;Loja 8;21/10/2019;5986;40;23265;580;4,1293;4,1114;4,1114;4,1524;4,1114;104729;106022;1,24;104696;106027;18940000;;;;;;;;
3067;Loja 8;22/10/2019;10785;81;32369;808;4,0819;4,1291;4,1291;4,1312;4,0598;106023;107381;1,28;105927;107421;18550000;;;;;;;;
3068;Loja 8;23/10/2019;10591;63;31784;794;4,0346;4,0812;4,0812;4,093;4,0274;107381;107544;0,15;107041;107959;17010000;;;;;;;;
3069;Loja 8;24/10/2019;7299;56;21896;547;4,0415;4,038;4,038;4,0465;3,9994;107553;106986;-0,52;106593;107744;18940000;;;;;;;;
3070;Loja 8;25/10/2019;6752;35;20251;506;4,0038;4,0427;4,0427;4,0427;3,9913;106990;107364;0,35;106990;108083;17360000;;;;;;;;
3071;Loja 8;26/10/2019;8702;48;30043;750;4,0038;4,0427;4,0427;4,0427;3,9913;106990;107364;0,35;106990;108083;17360000;;;;;;;;
3072;Loja 8;27/10/2019;9131;51;27398;684;4,0038;4,0427;4,0427;4,0427;3,9913;106990;107364;0,35;106990;108083;17360000;;;;;;;;
3073;Loja 8;28/10/2019;13908;81;45171;1129;3,991;4,0027;4,0027;4,0098;3,9726;107366;108187;0,77;107362;108393;14960000;;;;;;;;
3074;Loja 8;29/10/2019;16047;98;55933;1398;3,9986;3,9915;3,9915;4,0052;3,9834;108189;107556;-0,58;107313;108195;15050000;;;;;;;;
3075;Loja 8;30/10/2019;18406;101;55221;1380;3,9909;4;4;4,0332;3,9823;107557;108408;0,79;106622;108408;18860000;;;;;;;;
3076;Loja 8;31/10/2019;19419;114;58274;1456;4,0184;3,9932;3,9932;4,0383;3,9638;108403;107220;-1,1;106356;108403;19550000;;;;;;;;
3077;Loja 8;01/11/2019;31863;177;105041;2626;3,9903;4,0179;4,0179;4,0207;3,9691;107221;108196;0,91;107220;108496;20790000;;;;;;;;
3078;Loja 8;02/11/2019;22597;102;67797;1694;3,9903;4,0179;4,0179;4,0207;3,9691;107221;108196;0,91;107220;108496;20790000;;;;;;;;
3079;Loja 8;03/11/2019;21259;101;66794;1669;3,9903;4,0179;4,0179;4,0207;3,9691;107221;108196;0,91;107220;108496;20790000;;;;;;;;
3080;Loja 8;04/11/2019;34101;167;102318;2557;4,0156;3,9886;3,9886;4,0198;3,9743;108196;108651;0,42;108196;109352;16030000;;;;;;;;
3081;Loja 8;05/11/2019;35441;226;106345;2658;3,9937;4,0125;4,0125;4,0239;3,9827;108779;108719;0,06;108253;109343;20800000;;;;;;;;
3082;Loja 8;06/11/2019;37276;201;115291;2881;4,0836;3,9937;3,9937;4,0903;3,9747;108719;108353;-0,34;107446;109633;20380000;;;;;;;;
3083;Loja 8;07/11/2019;40921;220;123025;3073;4,1007;4,0833;4,0833;4,1035;4,0413;108360;109581;1,13;108360;109672;20250000;;;;;;;;
3084;Loja 8;08/11/2019;20391;113;61174;1528;4,1635;4,1143;4,1143;4,1707;4,1079;109572;107629;-1,78;107127;109572;20330000;;;;;;;;
3085;Loja 8;09/11/2019;19304;90;62835;1570;4,1635;4,1143;4,1143;4,1707;4,1079;109572;107629;-1,78;107127;109572;20330000;;;;;;;;
3086;Loja 8;10/11/2019;24131;116;72396;1809;4,1635;4,1143;4,1143;4,1707;4,1079;109572;107629;-1,78;107127;109572;20330000;;;;;;;;
3087;Loja 8;11/11/2019;28816;156;87058;2175;4,1518;4,1666;4,1666;4,1712;4,1352;107622;108367;0,69;106814;108367;14490000;;;;;;;;
3088;Loja 8;12/11/2019;27027;180;84954;2123;4,1677;4,1531;4,1531;4,1878;4,1421;108368;106751;-1,49;106232;108368;19010000;;;;;;;;
3089;Loja 8;13/11/2019;25300;140;91105;2277;4,1704;4,1695;4,1695;4,1901;4,1626;106751;106060;-0,65;105261;106786;26900000;;;;;;;;
3090;Loja 8;14/11/2019;27748;137;164976;3484;4,1951;4,17;4,17;4,1989;4,1616;106052;106557;0,47;105820;106758;18310000;;;;;;;;
3091;Loja 8;15/11/2019;18367;97;59446;1485;4,1962;4,1962;4,1962;4,1962;4,1962;106052;106557;0,47;105820;106758;18310000;;;;;;;;
3092;Loja 8;16/11/2019;17207;89;54651;1366;4,1962;4,1962;4,1962;4,1962;4,1962;106052;106557;0,47;105820;106758;18310000;;;;;;;;
3093;Loja 8;17/11/2019;18610;92;55834;1395;4,1962;4,1962;4,1962;4,1962;4,1962;106052;106557;0,47;105820;106758;18310000;;;;;;;;
3094;Loja 8;18/11/2019;23402;126;70203;1755;4,218;4,178;4,178;4,2196;4,1692;106566;106269;-0,27;106246;107519;27190000;;;;;;;;
3095;Loja 8;19/11/2019;30402;173;253087;4966;4,1945;4,2055;4,2055;4,2194;4,1851;106269;105864;-0,38;105367;106950;14210000;;;;;;;;
3096;Loja 8;20/11/2019;39186;194;352816;6857;4,1965;4,1942;4,1942;4,198;4,1942;106269;105864;-0,38;105367;106950;14210000;;;;;;;;
3097;Loja 8;21/11/2019;32175;160;96542;2413;4,1932;4,1951;4,1951;4,2241;4,1821;105866;107497;1,54;105864;107497;19210000;;;;;;;;
3098;Loja 8;22/11/2019;23447;126;70345;1758;4,1966;4,1943;4,1943;4,2011;4,1719;107497;108692;1,11;107157;108692;15580000;;;;;;;;
3099;Loja 8;23/11/2019;18556;86;55667;1391;4,1966;4,1943;4,1943;4,2011;4,1719;107497;108692;1,11;107157;108692;15580000;;;;;;;;
3100;Loja 8;24/11/2019;26903;127;87706;2192;4,1966;4,1943;4,1943;4,2011;4,1719;107497;108692;1,11;107157;108692;15580000;;;;;;;;
3101;Loja 8;25/11/2019;29800;187;92550;2313;4,2268;4,1989;4,1989;4,2312;4,1868;108692;108424;-0,25;108080;108915;15110000;;;;;;;;
3102;Loja 8;26/11/2019;33738;200;101219;2530;4,2332;4,2271;4,2271;4,2773;4,2271;108424;107059;-1,26;106414;108424;16730000;;;;;;;;
3103;Loja 8;27/11/2019;30552;157;104539;2613;4,2638;4,2294;4,2294;4,271;4,2264;107059;107708;0,61;106312;107991;15280000;;;;;;;;
3104;Loja 8;28/11/2019;70876;409;216474;5411;4,1902;4,2642;4,2642;4,2659;4,1901;107708;108290;0,54;107148;108333;12860000;;;;;;;;
3105;Loja 8;29/11/2019;271329;1399;884140;22103;4,2367;4,1895;4,1895;4,2457;4,1823;108290;108233;-0,05;107759;108708;7940000;;;;;;;;
3106;Loja 8;30/11/2019;87236;487;273833;6845;4,2367;4,1895;4,1895;4,2457;4,1823;108290;108233;-0,05;107759;108708;7940000;;;;;;;;
3107;Loja 8;01/12/2019;72761;375;221321;5533;4,2367;4,1895;4,1895;4,2457;4,1823;108290;108233;-0,05;107759;108708;7940000;;;;;;;;
3108;Loja 8;02/12/2019;40999;220;123017;3075;4,2234;4,2365;4,2365;4,2536;4,207;108233;108928;0,64;108233;109279;16960000;;;;;;;;
3109;Loja 8;03/12/2019;34864;224;113969;2849;4,2066;4,2237;4,2237;4,2245;4,184;108931;108956;0,03;108190;109198;17030000;;;;;;;;
3110;Loja 8;04/12/2019;33191;197;103310;2582;4,208;4,2055;4,2055;4,2104;4,1818;108962;110301;1,23;108962;110301;18130000;;;;;;;;
3111;Loja 8;05/12/2019;35152;196;105463;2636;4,186;4,208;4,208;4,2236;4,1764;110297;110622;0,29;110008;111073;17310000;;;;;;;;
3112;Loja 8;06/12/2019;30251;170;98400;2460;4,1414;4,1859;4,1859;4,1947;4,133;110623;111126;0,46;110623;111430;17810000;;;;;;;;
3113;Loja 8;07/12/2019;22408;119;70593;1764;4,1414;4,1859;4,1859;4,1947;4,133;110623;111126;0,46;110623;111430;17810000;;;;;;;;
3114;Loja 8;08/12/2019;22728;127;68188;1704;4,1414;4,1859;4,1859;4,1947;4,133;110623;111126;0,46;110623;111430;17810000;;;;;;;;
3115;Loja 8;09/12/2019;31931;185;191658;3833;4,1425;4,1417;4,1417;4,1608;4,123;111125;110977;-0,13;110870;111453;18490000;;;;;;;;
3116;Loja 8;10/12/2019;37290;238;233391;4667;4,147;4,1429;4,1429;4,1513;4,1323;110973;110672;-0,28;110133;111184;17050000;;;;;;;;
3117;Loja 8;11/12/2019;33168;185;199091;3981;4,1242;4,1466;4,1466;4,147;4,1067;110672;110964;0,26;110530;111227;15960000;;;;;;;;
3118;Loja 8;12/12/2019;34192;221;232271;4645;4,0908;4,1241;4,1241;4,1311;4,0813;110963;112143;1,06;110963;112298;14720000;;;;;;;;
3119;Loja 8;13/12/2019;32767;187;196683;3933;4,1082;4,0912;4,0912;4,1178;4,0751;112205;112565;0,38;111780;112829;25920000;;;;;;;;
3120;Loja 8;14/12/2019;12909;95;38734;968;4,1082;4,0912;4,0912;4,1178;4,0751;112205;112565;0,38;111780;112829;25920000;;;;;;;;
3121;Loja 8;15/12/2019;19432;106;58327;1458;4,1082;4,0912;4,0912;4,1178;4,0751;112205;112565;0,38;111780;112829;25920000;;;;;;;;
3122;Loja 8;16/12/2019;25076;148;75240;1881;4,0632;4,1095;4,1095;4,1095;4,0544;112565;111896;-0,59;111896;113197;34290000;;;;;;;;
3123;Loja 8;17/12/2019;22249;138;66758;1668;4,0719;4,063;4,063;4,078;4,0503;111897;112616;0,64;111897;112695;19950000;;;;;;;;
3124;Loja 8;18/12/2019;23411;141;70245;1756;4,0634;4,0687;4,0687;4,0764;4,0463;112618;114315;1,51;112300;114339;53760000;;;;;;;;
3125;Loja 8;19/12/2019;21409;130;68740;1718;4,0697;4,0633;4,0633;4,0703;4,0503;114313;115131;0,71;113712;115132;21690000;;;;;;;;
3126;Loja 8;20/12/2019;12656;88;37981;949;4,1025;4,0706;4,0706;4,1025;4,0576;115133;115121;-0,01;114526;115171;24140000;;;;;;;;
3127;Loja 8;21/12/2019;11010;68;33031;825;4,1025;4,0706;4,0706;4,1025;4,0576;115133;115121;-0,01;114526;115171;24140000;;;;;;;;
3128;Loja 8;22/12/2019;8970;44;26918;672;4,1025;4,0706;4,0706;4,1025;4,0576;115133;115121;-0,01;114526;115171;24140000;;;;;;;;
3129;Loja 8;23/12/2019;9809;50;29436;735;4,0835;4,1015;4,1015;4,1015;4,0571;115119;115070;-0,04;114964;115289;8430000;;;;;;;;
3130;Loja 8;24/12/2019;6706;33;23222;580;4,0838;4,0838;4,0838;4,0838;4,0838;115119;115070;-0,04;114964;115289;8430000;;;;;;;;
3131;Loja 8;25/12/2019;5915;29;17744;443;4,0838;4,0838;4,0838;4,0838;4,0838;115119;115070;-0,04;114964;115289;8430000;;;;;;;;
3132;Loja 8;26/12/2019;16498;82;49497;1237;4,056;4,0827;4,0827;4,0827;4,0453;115864;117203;1,85;115673;117220;15950000;;;;;;;;
3133;Loja 8;27/12/2019;13415;64;40265;1006;4,046;4,0568;4,0568;4,0614;4,0339;117205;116534;-0,57;115995;117803;16560000;;;;;;;;
3134;Loja 8;28/12/2019;7386;40;22160;554;4,046;4,0568;4,0568;4,0614;4,0339;117205;116534;-0,57;115995;117803;16560000;;;;;;;;
3135;Loja 8;29/12/2019;5811;32;17442;436;4,046;4,0568;4,0568;4,0614;4,0339;117205;116534;-0,57;115995;117803;16560000;;;;;;;;
3136;Loja 8;30/12/2019;7967;41;23905;597;4,0195;4,0484;4,0484;4,0484;4,0084;116530;115645;-0,76;115599;117086;15390000;;;;;;;;
3137;Loja 8;31/12/2019;5618;29;16858;421;4,0195;4,0201;4,0201;4,0201;4,0195;116530;115645;-0,76;115599;117086;15390000;;;;;;;;
3138;Loja 8;01/01/2020;6420;32;19263;481;4,0195;4,0195;4,0195;4,0195;4,0195;116530;115645;-0,76;115599;117086;15390000;;;;;;;;
3139;Loja 8;02/01/2020;13126;75;43539;1088;4,0263;4,0198;4,0198;4,0412;4,0031;115652;118573;2,53;115649;118573;20870000;;;;;;;;
3140;Loja 8;03/01/2020;14119;85;42361;1059;4,0672;4,0253;4,0253;4,0718;4,0253;118564;117781;-0,67;117341;118564;7680000;;;;;;;;
3141;Loja 8;04/01/2020;11580;66;34733;868;4,0672;4,0253;4,0253;4,0718;4,0253;118564;117781;-0,67;117341;118564;7680000;;;;;;;;
3142;Loja 8;05/01/2020;14684;66;44057;1101;4,0672;4,0253;4,0253;4,0718;4,0253;118564;117781;-0,67;117341;118564;7680000;;;;;;;;
3143;Loja 8;06/01/2020;15282;85;45855;1146;4,0618;4,0565;4,0565;4,0743;4,0458;117707;116592;-1,01;116269;117707;21570000;;;;;;;;
3144;Loja 8;07/01/2020;18338;117;56132;1399;4,0679;4,0622;4,0622;4,0924;4,0543;116872;116662;0,06;115965;117076;20200000;;;;;;;;
3145;Loja 8;08/01/2020;30758;175;274199;5298;4,0649;4,0677;4,0677;4,0784;4,0396;116667;116165;-0,43;115974;117335;6570000;;;;;;;;
3146;Loja 8;09/01/2020;24998;150;222420;4296;4,0927;4,0647;4,0647;4,0934;4,0569;116248;115946;-0,19;115411;116820;23000000;;;;;;;;
3147;Loja 8;10/01/2020;21172;94;63528;1588;4,0963;4,0938;4,0938;4,1045;4,0613;115948;115503;-0,38;114952;116745;19900000;;;;;;;;
3148;Loja 8;11/01/2020;13460;62;40380;1009;4,0963;4,0938;4,0938;4,1045;4,0613;115948;115503;-0,38;114952;116745;19900000;;;;;;;;
3149;Loja 8;12/01/2020;11653;62;34955;873;4,0963;4,0938;4,0938;4,1045;4,0613;115948;115503;-0,38;114952;116745;19900000;;;;;;;;
3150;Loja 8;13/01/2020;17629;101;67678;1544;4,1468;4,0895;4,0895;4,1468;4,0877;115503;117325;1,58;115503;117333;22110000;;;;;;;;
3151;Loja 8;14/01/2020;18541;124;72048;1636;4,133;4,1476;4,1476;4,1616;4,1205;117325;117632;0,26;116610;117705;21040000;;;;;;;;
3152;Loja 8;15/01/2020;19861;113;71779;1672;4,1756;4,1313;4,1313;4,1859;4,1303;117632;116414;-1,04;116188;117632;32340000;;;;;;;;
3153;Loja 8;16/01/2020;16605;86;57566;1361;4,1851;4,1754;4,1754;4,2007;4,1585;116415;116704;0,25;115961;117106;20490000;;;;;;;;
3154;Loja 8;17/01/2020;21363;98;73381;1741;4,162;4,1851;4,1851;4,1935;4,1584;116710;118478;1,52;116710;118479;20810000;;;;;;;;
3155;Loja 8;18/01/2020;9519;53;28562;714;4,162;4,1851;4,1851;4,1935;4,1584;116710;118478;1,52;116710;118479;20810000;;;;;;;;
3156;Loja 8;19/01/2020;16185;78;49265;1224;4,162;4,1851;4,1851;4,1935;4,1584;116710;118478;1,52;116710;118479;20810000;;;;;;;;
3157;Loja 8;20/01/2020;25544;148;146890;2969;4,1902;4,1654;4,1654;4,1917;4,1624;118478;118862;0,32;117928;118862;28680000;;;;;;;;
3158;Loja 8;21/01/2020;25777;145;143668;2928;4,2126;4,1885;4,1885;4,2174;4,1826;118861;117026;-1,54;117026;118861;22510000;;;;;;;;
3159;Loja 8;22/01/2020;27950;159;155216;3166;4,1829;4,2011;4,2011;4,2055;4,1716;117035;118391;1,17;117035;118401;22110000;;;;;;;;
3160;Loja 8;23/01/2020;22870;136;128097;2607;4,1707;4,1829;4,1829;4,1903;4,1551;118391;119528;0,96;116906;119535;25470000;;;;;;;;
3161;Loja 8;24/01/2020;18514;98;104168;2118;4,1817;4,1706;4,1706;4,1917;4,1646;119528;118376;-0,96;118108;119593;19830000;;;;;;;;
3162;Loja 8;25/01/2020;13395;73;75788;1538;4,1817;4,1706;4,1706;4,1917;4,1646;119528;118376;-0,96;118108;119593;19830000;;;;;;;;
3163;Loja 8;26/01/2020;21044;107;131299;2675;4,1817;4,1706;4,1706;4,1917;4,1646;119528;118376;-0,96;118108;119593;19830000;;;;;;;;
3164;Loja 8;27/01/2020;17353;105;52062;1301;4,2077;4,1834;4,1834;4,2317;4,1799;118347;114482;-3,29;114376;118347;23800000;;;;;;;;
3165;Loja 8;28/01/2020;18368;122;63938;1598;4,1945;4,2111;4,2111;4,2164;4,1864;114482;116479;1,74;114475;116797;20360000;;;;;;;;
3166;Loja 8;29/01/2020;20174;118;71731;1792;4,2306;4,195;4,195;4,2325;4,1806;116494;115385;-0,94;115164;117171;20180000;;;;;;;;
3167;Loja 8;30/01/2020;22586;136;67773;1694;4,2432;4,2306;4,2306;4,2722;4,2305;115375;114646;-0,64;112825;115375;20550000;;;;;;;;
3168;Loja 8;31/01/2020;17764;107;53305;1332;4,2824;4,244;4,244;4,2904;4,244;115518;113761;-0,77;113148;115518;24460000;;;;;;;;
